{"calibration_matrix": [[252.39908962598673, 0.0, 148.97525429082222], [0.0, 254.79603043200163, 107.80510505580975], [0.0, 0.0, 1.0]], "distortion_params": [[0.3979334635856926, -1.0531222349250517, -0.02997199999679741, -0.018903622807448287, 1.0807005001156593]]}