{"calibration_matrix": [[119.52140048009139, 0.0, 168.11932670426927], [0.0, 94.73941389766551, 103.04391414241876], [0.0, 0.0, 1.0]], "distortion_params": [[0.08261618180635745, -1.81842037806126, 0.14714061156277627, 0.007367342342081329, 1.8480316763196354]]}